Date,Day_of_Week,Season,Holiday,Competitor_Price,Roomify_Price,Demand,Bookings,Occupancy_Percentage,Total_Rooms,Revenue,RevPAR
2022-01-01,Saturday,Low,Yes,142.45,149.23,189.6,190.0,94.8,200,28359.1,141.8
2022-01-02,Sunday,Low,No,131.49,147.32,139.5,129.3,69.8,200,19050.63,95.25
2022-01-03,Monday,Low,No,127.96,162.85,64.2,51.6,32.1,200,8398.17,41.99
2022-01-04,Tuesday,Low,No,138.63,113.73,45.5,36.1,22.8,200,4107.85,20.54
2022-01-05,Wednesday,Low,No,119.81,158.28,54.1,38.4,27.1,200,6072.9,30.36
2022-01-06,Thursday,Low,No,156.98,147.48,81.4,57.6,40.7,200,8488.85,42.44
2022-01-07,Friday,Low,No,126.83,154.22,51.8,46.0,25.9,200,7090.15,35.45
2022-01-08,Saturday,Low,No,125.99,146.17,94.6,97.9,47.3,200,14312.19,71.56
2022-01-09,Sunday,Low,No,134.8,130.85,128.5,93.5,64.2,200,12234.27,61.17
2022-01-10,Monday,Low,No,138.13,112.81,53.4,46.5,26.7,200,5242.44,26.21
2022-01-11,Tuesday,Low,No,146.08,155.43,76.2,62.4,38.1,200,9704.15,48.52
2022-01-12,Wednesday,Low,No,112.82,137.6,65.5,62.6,32.8,200,8615.91,43.08
2022-01-13,Thursday,Low,No,140.15,116.74,86.5,70.2,43.2,200,8192.66,40.96
2022-01-14,Friday,Low,No,124.85,164.23,93.0,87.8,46.5,200,14412.55,72.06
2022-01-15,Saturday,Low,No,122.41,145.82,112.2,106.3,56.1,200,15502.66,77.51
2022-01-16,Sunday,Low,No,127.81,148.29,84.5,61.7,42.2,200,9150.84,45.75
2022-01-17,Monday,Low,No,147.19,179.12,73.4,69.7,36.7,200,12486.89,62.43
2022-01-18,Tuesday,Low,No,140.42,139.1,87.2,87.6,43.6,200,12179.34,60.9
2022-01-19,Wednesday,Low,No,134.46,183.29,18.9,17.6,9.4,200,3227.53,16.14
2022-01-20,Thursday,Low,No,136.31,146.02,80.1,52.2,40.1,200,7619.42,38.1
2022-01-21,Friday,Low,No,131.7,159.14,104.6,83.5,52.3,200,13281.29,66.41
2022-01-22,Saturday,Low,No,122.87,141.96,125.1,110.4,62.5,200,15678.08,78.39
2022-01-23,Sunday,Low,No,127.05,162.27,104.6,99.1,52.3,200,16075.64,80.38
2022-01-24,Monday,Low,No,124.47,145.45,68.1,47.9,34.1,200,6970.91,34.85
2022-01-25,Tuesday,Low,No,139.44,157.22,77.0,63.7,38.5,200,10011.61,50.06
2022-01-26,Wednesday,Low,No,113.77,143.59,66.9,51.5,33.4,200,7389.51,36.95
2022-01-27,Thursday,Low,No,132.58,160.08,112.7,97.8,56.4,200,15656.25,78.28
2022-01-28,Friday,Low,No,138.86,150.51,39.6,33.6,19.8,200,5051.86,25.26
2022-01-29,Saturday,Low,No,135.9,201.26,92.0,81.0,46.0,200,16296.06,81.48
2022-01-30,Sunday,Low,No,134.48,128.63,134.9,124.8,67.4,200,16048.5,80.24
2022-01-31,Monday,Low,No,146.87,133.81,108.1,76.7,54.0,200,10263.36,51.32
2022-02-01,Tuesday,Low,No,143.8,195.81,51.5,40.9,25.8,200,8001.98,40.01
2022-02-02,Wednesday,Low,No,136.49,141.93,48.0,41.2,24.0,200,5841.24,29.21
2022-02-03,Thursday,Low,No,119.07,161.47,53.1,53.3,26.5,200,8611.07,43.06
2022-02-04,Friday,Low,No,123.25,145.56,91.9,66.8,46.0,200,9726.62,48.63
2022-02-05,Saturday,Low,No,138.41,178.14,70.2,61.0,35.1,200,10861.53,54.31
2022-02-06,Sunday,Low,No,138.9,167.64,80.3,57.7,40.2,200,9665.63,48.33
2022-02-07,Monday,Low,No,142.83,157.94,82.5,73.0,41.2,200,11522.86,57.61
2022-02-08,Tuesday,Low,No,124.8,156.65,79.7,62.1,39.9,200,9724.63,48.62
2022-02-09,Wednesday,Low,No,162.99,161.48,56.2,51.4,28.1,200,8305.71,41.53
2022-02-10,Thursday,Low,No,120.38,167.74,93.7,72.0,46.9,200,12073.68,60.37
2022-02-11,Friday,Low,No,149.45,160.26,94.7,98.5,47.4,200,15779.4,78.9
2022-02-12,Saturday,Low,No,131.32,136.93,92.8,71.3,46.4,200,9761.44,48.81
2022-02-13,Sunday,Low,No,133.84,158.82,111.3,103.8,55.6,200,16482.18,82.41
2022-02-14,Monday,Low,No,135.2,181.07,66.6,74.7,33.3,200,13523.22,67.62
2022-02-15,Tuesday,Low,No,144.39,134.86,58.6,52.6,29.3,200,7096.34,35.48
2022-02-16,Wednesday,Low,No,131.65,166.28,83.2,70.1,41.6,200,11651.73,58.26
2022-02-17,Thursday,Low,No,122.3,121.7,71.1,66.5,35.5,200,8092.72,40.46
2022-02-18,Friday,Low,No,138.21,127.09,83.5,74.2,41.7,200,9424.65,47.12
2022-02-19,Saturday,Low,No,121.74,155.07,104.0,76.5,52.0,200,11861.2,59.31
2022-02-20,Sunday,Low,No,140.37,163.22,128.2,122.5,64.1,200,19989.31,99.95
2022-02-21,Monday,Low,No,114.33,133.24,86.3,77.8,43.2,200,10368.67,51.84
2022-02-22,Tuesday,Low,No,142.73,199.82,81.8,78.8,40.9,200,15752.71,78.76
2022-02-23,Wednesday,Low,No,149.31,165.03,71.2,65.9,35.6,200,10874.4,54.37
2022-02-24,Thursday,Low,No,123.41,147.26,65.7,56.3,32.8,200,8297.25,41.49
2022-02-25,Friday,Low,No,169.72,152.75,93.7,64.6,46.9,200,9860.06,49.3
2022-02-26,Saturday,Low,No,127.92,173.78,101.2,75.1,50.6,200,13058.32,65.29
2022-02-27,Sunday,Low,No,124.27,165.59,86.2,75.2,43.1,200,12444.82,62.22
2022-02-28,Monday,Low,No,135.68,138.97,122.3,111.7,61.1,200,15523.55,77.62
2022-03-01,Tuesday,Low,No,104.62,155.73,55.0,51.5,27.5,200,8016.39,40.08
2022-03-02,Wednesday,Low,No,123.11,149.71,84.9,79.5,42.5,200,11906.04,59.53
2022-03-03,Thursday,Low,No,117.0,145.31,64.7,50.8,32.3,200,7376.27,36.88
2022-03-04,Friday,Low,No,161.48,160.1,54.8,51.6,27.4,200,8260.06,41.3
2022-03-05,Saturday,Low,No,166.83,172.65,80.4,64.5,40.2,200,11132.37,55.66
2022-03-06,Sunday,Low,No,154.0,137.85,120.9,112.1,60.4,200,15453.77,77.27
2022-03-07,Monday,Low,No,121.1,150.81,9.3,6.9,4.6,200,1046.87,5.23
2022-03-08,Tuesday,Low,No,131.21,127.04,112.6,79.6,56.3,200,10117.9,50.59
2022-03-09,Wednesday,Low,No,128.4,154.61,103.9,73.4,52.0,200,11350.94,56.75
2022-03-10,Thursday,Low,No,152.45,152.2,60.4,54.1,30.2,200,8234.89,41.17
2022-03-11,Friday,Low,No,137.99,140.0,81.0,65.8,40.5,200,9207.05,46.04
2022-03-12,Saturday,Low,No,136.7,165.24,136.7,99.3,68.4,200,16404.97,82.02
2022-03-13,Sunday,Low,No,167.0,150.3,109.0,99.0,54.5,200,14883.84,74.42
2022-03-14,Monday,Low,No,139.21,139.55,75.8,60.7,37.9,200,8467.29,42.34
2022-03-15,Tuesday,Low,No,126.16,168.99,79.0,61.7,39.5,200,10421.71,52.11
2022-03-16,Wednesday,Medium,No,178.49,190.15,133.9,122.3,67.0,200,23245.78,116.23
2022-03-17,Thursday,Medium,No,152.57,172.8,130.2,118.6,65.1,200,20492.18,102.46
2022-03-18,Friday,Medium,No,164.69,186.35,140.8,111.4,70.4,200,20752.54,103.76
2022-03-19,Saturday,Medium,No,173.21,179.96,161.7,155.2,80.8,200,27928.34,139.64
2022-03-20,Sunday,Medium,No,177.38,200.27,187.6,159.9,93.8,200,32015.03,160.08
2022-03-21,Monday,Medium,No,175.23,177.79,126.0,105.4,63.0,200,18743.76,93.72
2022-03-22,Tuesday,Medium,No,166.45,195.9,97.3,103.0,48.6,200,20183.63,100.92
2022-03-23,Wednesday,Medium,No,149.91,159.72,140.8,130.8,70.4,200,20896.21,104.48
2022-03-24,Thursday,Medium,No,174.36,196.57,115.2,87.6,57.6,200,17211.63,86.06
2022-03-25,Friday,Medium,No,166.14,170.46,138.6,115.7,69.3,200,19729.3,98.65
2022-03-26,Saturday,Medium,No,152.62,177.57,168.0,133.3,84.0,200,23678.1,118.39
2022-03-27,Sunday,Medium,No,152.67,188.87,160.9,128.6,80.5,200,24297.71,121.49
2022-03-28,Monday,Medium,No,157.93,188.64,84.0,59.6,42.0,200,11243.94,56.22
2022-03-29,Tuesday,Medium,No,154.22,179.73,120.3,120.0,60.1,200,21561.9,107.81
2022-03-30,Wednesday,Medium,No,177.86,180.8,119.0,89.2,59.5,200,16134.51,80.67
2022-03-31,Thursday,Medium,No,164.72,178.23,123.5,94.8,61.8,200,16888.95,84.44
2022-04-01,Friday,Medium,No,172.79,214.65,109.1,97.1,54.6,200,20847.25,104.24
2022-04-02,Saturday,Medium,No,175.35,175.98,172.3,146.7,86.2,200,25811.08,129.06
2022-04-03,Sunday,Medium,No,166.47,168.54,167.9,151.0,83.9,200,25456.63,127.28
2022-04-04,Monday,Medium,No,186.77,203.19,159.9,123.6,79.9,200,25122.72,125.61
2022-04-05,Tuesday,Medium,No,178.08,187.67,161.9,124.5,80.9,200,23363.99,116.82
2022-04-06,Wednesday,Medium,No,152.4,172.01,72.9,58.1,36.4,200,9998.14,49.99
2022-04-07,Thursday,Medium,No,153.61,187.01,119.0,123.5,59.5,200,23092.78,115.46
2022-04-08,Friday,Medium,No,179.26,172.46,102.0,91.7,51.0,200,15822.71,79.11
2022-04-09,Saturday,Medium,No,145.2,203.28,171.4,137.7,85.7,200,27985.18,139.93
2022-04-10,Sunday,Medium,No,139.3,195.02,145.5,141.7,72.8,200,27641.39,138.21
2022-04-11,Monday,Medium,No,141.08,172.01,112.2,95.9,56.1,200,16497.39,82.49
2022-04-12,Tuesday,Medium,No,158.25,196.46,90.0,75.2,45.0,200,14769.94,73.85
2022-04-13,Wednesday,Medium,No,166.8,194.29,128.3,94.6,64.2,200,18384.82,91.92
2022-04-14,Thursday,Medium,No,141.99,209.55,109.5,84.9,54.8,200,17789.25,88.95
2022-04-15,Friday,Medium,No,188.27,186.31,143.6,123.0,71.8,200,22919.82,114.6
2022-04-16,Saturday,Medium,No,195.91,219.11,157.1,148.8,78.5,200,32593.08,162.97
2022-04-17,Sunday,Medium,No,174.68,211.37,138.1,126.9,69.1,200,26817.5,134.09
2022-04-18,Monday,Medium,No,180.88,148.83,96.3,62.2,48.2,200,9262.84,46.31
2022-04-19,Tuesday,Medium,No,160.96,198.35,141.7,121.5,70.8,200,24095.91,120.48
2022-04-20,Wednesday,Medium,No,189.43,156.4,85.9,72.6,43.0,200,11349.04,56.75
2022-04-21,Thursday,Medium,No,170.76,183.35,76.0,63.9,38.0,200,11719.66,58.6
2022-04-22,Friday,Medium,No,145.43,197.39,114.5,86.5,57.2,200,17082.54,85.41
2022-04-23,Saturday,Medium,No,157.29,162.82,165.0,156.0,82.5,200,25397.24,126.99
2022-04-24,Sunday,Medium,No,150.21,194.08,142.7,110.0,71.3,200,21341.66,106.71
2022-04-25,Monday,Medium,No,163.39,163.3,108.9,79.5,54.5,200,12988.47,64.94
2022-04-26,Tuesday,Medium,No,194.47,184.71,106.0,92.4,53.0,200,17061.77,85.31
2022-04-27,Wednesday,Medium,No,163.32,179.58,128.7,119.1,64.3,200,21395.62,106.98
2022-04-28,Thursday,Medium,No,157.04,172.48,111.0,68.8,55.5,200,11862.29,59.31
2022-04-29,Friday,Medium,No,142.27,211.34,135.4,111.7,67.7,200,23614.28,118.07
2022-04-30,Saturday,Medium,No,173.65,190.23,224.8,216.2,100.0,200,41129.63,205.65
2022-05-01,Sunday,Medium,No,163.08,164.89,135.3,117.8,67.7,200,19418.77,97.09
2022-05-02,Monday,Medium,No,153.65,155.55,106.6,79.1,53.3,200,12304.09,61.52
2022-05-03,Tuesday,Medium,No,190.31,201.63,117.7,117.5,58.8,200,23684.2,118.42
2022-05-04,Wednesday,Medium,No,166.16,166.77,150.3,135.9,75.2,200,22661.54,113.31
2022-05-05,Thursday,Medium,No,149.44,180.19,95.1,67.7,47.5,200,12193.68,60.97
2022-05-06,Friday,Medium,No,178.89,222.19,83.3,75.5,41.7,200,16777.21,83.89
2022-05-07,Saturday,Medium,No,155.24,174.26,150.0,114.5,75.0,200,19956.56,99.78
2022-05-08,Sunday,Medium,No,165.73,167.38,172.9,146.1,86.5,200,24454.66,122.27
2022-05-09,Monday,Medium,No,161.42,165.85,107.5,99.5,53.7,200,16497.5,82.49
2022-05-10,Tuesday,Medium,No,172.51,164.45,122.0,112.9,61.0,200,18558.81,92.79
2022-05-11,Wednesday,Medium,No,139.96,194.87,92.6,84.0,46.3,200,16371.89,81.86
2022-05-12,Thursday,Medium,No,153.55,147.9,87.4,74.8,43.7,200,11056.04,55.28
2022-05-13,Friday,Medium,No,168.9,165.91,132.8,90.8,66.4,200,15064.26,75.32
2022-05-14,Saturday,Medium,No,164.01,159.78,155.0,132.5,77.5,200,21163.34,105.82
2022-05-15,Sunday,Medium,No,152.09,176.31,180.1,142.7,90.1,200,25158.65,125.79
2022-05-16,Monday,Medium,No,177.54,161.41,130.6,129.8,65.3,200,20955.81,104.78
2022-05-17,Tuesday,Medium,No,127.93,168.06,120.2,99.8,60.1,200,16767.2,83.84
2022-05-18,Wednesday,Medium,No,170.57,171.92,121.4,101.3,60.7,200,17422.17,87.11
2022-05-19,Thursday,Medium,No,182.52,189.09,125.5,101.5,62.7,200,19186.84,95.93
2022-05-20,Friday,Medium,No,157.69,175.35,123.9,100.1,61.9,200,17546.09,87.73
2022-05-21,Saturday,Medium,No,169.35,225.51,168.7,137.9,84.4,200,31097.91,155.49
2022-05-22,Sunday,Medium,No,183.02,175.84,127.2,95.3,63.6,200,16761.85,83.81
2022-05-23,Monday,Medium,No,136.94,176.97,109.8,111.8,54.9,200,19782.11,98.91
2022-05-24,Tuesday,Medium,No,169.9,179.62,134.5,84.6,67.3,200,15196.4,75.98
2022-05-25,Wednesday,Medium,No,168.53,199.42,83.8,80.8,41.9,200,16121.89,80.61
2022-05-26,Thursday,Medium,No,170.08,175.69,131.5,141.6,65.7,200,24878.09,124.39
2022-05-27,Friday,Medium,No,167.73,188.96,106.3,81.3,53.1,200,15360.26,76.8
2022-05-28,Saturday,Medium,No,177.46,166.88,169.4,135.9,84.7,200,22682.7,113.41
2022-05-29,Sunday,Medium,No,172.18,190.67,183.3,146.5,91.7,200,27931.26,139.66
2022-05-30,Monday,Medium,Yes,160.95,164.42,181.9,161.5,90.9,200,26546.8,132.73
2022-05-31,Tuesday,Medium,No,176.35,165.56,137.4,135.4,68.7,200,22417.82,112.09
2022-06-01,Wednesday,High,No,201.2,237.54,154.8,112.3,77.4,200,26673.57,133.37
2022-06-02,Thursday,High,No,168.32,229.92,173.3,146.4,86.7,200,33651.74,168.26
2022-06-03,Friday,High,No,199.2,177.49,228.9,197.5,100.0,200,35060.68,175.3
2022-06-04,Saturday,High,No,196.64,214.52,254.7,222.2,100.0,200,47673.76,238.37
2022-06-05,Sunday,High,No,183.14,209.43,278.8,274.5,100.0,200,57484.19,287.42
2022-06-06,Monday,High,No,218.9,189.78,160.2,134.2,80.1,200,25460.59,127.3
2022-06-07,Tuesday,High,No,195.84,221.88,139.0,139.4,69.5,200,30925.92,154.63
2022-06-08,Wednesday,High,No,192.63,191.46,159.8,109.4,79.9,200,20937.67,104.69
2022-06-09,Thursday,High,No,207.35,201.47,154.2,111.1,77.1,200,22383.0,111.92
2022-06-10,Friday,High,No,189.96,233.38,162.5,113.7,81.2,200,26529.58,132.65
2022-06-11,Saturday,High,No,191.31,194.55,196.8,166.2,98.4,200,32333.27,161.67
2022-06-12,Sunday,High,No,191.54,213.92,280.1,269.7,100.0,200,57691.26,288.46
2022-06-13,Monday,High,No,190.97,177.87,231.5,198.1,100.0,200,35239.12,176.2
2022-06-14,Tuesday,High,No,195.21,199.52,182.8,152.7,91.4,200,30469.49,152.35
2022-06-15,Wednesday,High,No,186.4,189.06,178.6,142.1,89.3,200,26862.46,134.31
2022-06-16,Thursday,High,No,184.31,202.13,169.7,169.7,84.8,200,34310.68,171.55
2022-06-17,Friday,High,No,155.24,221.83,181.8,116.8,90.9,200,25911.44,129.56
2022-06-18,Saturday,High,No,189.86,192.57,222.8,172.0,100.0,200,33127.47,165.64
2022-06-19,Sunday,High,No,178.34,235.05,246.7,241.0,100.0,200,56655.62,283.28
2022-06-20,Monday,High,No,205.83,177.42,169.5,152.4,84.8,200,27034.84,135.17
2022-06-21,Tuesday,High,No,176.67,214.26,163.7,133.0,81.9,200,28499.11,142.5
2022-06-22,Wednesday,High,No,205.66,208.89,171.9,166.1,86.0,200,34691.18,173.46
2022-06-23,Thursday,High,No,178.78,212.32,181.7,148.8,90.9,200,31603.16,158.02
2022-06-24,Friday,High,No,199.89,174.98,198.5,165.0,99.2,200,28878.06,144.39
2022-06-25,Saturday,High,No,187.16,220.98,224.3,159.0,100.0,200,35142.24,175.71
2022-06-26,Sunday,High,No,171.65,212.12,208.6,213.9,100.0,200,45368.6,226.84
2022-06-27,Monday,High,No,163.77,233.93,161.1,135.4,80.5,200,31666.1,158.33
2022-06-28,Tuesday,High,No,186.83,207.98,173.1,166.3,86.6,200,34580.07,172.9
2022-06-29,Wednesday,High,No,196.71,203.01,171.0,144.4,85.5,200,29309.31,146.55
2022-06-30,Thursday,High,No,199.62,165.8,153.0,141.5,76.5,200,23452.84,117.26
2022-07-01,Friday,High,No,197.56,196.32,180.4,159.6,90.2,200,31329.32,156.65
2022-07-02,Saturday,High,No,186.9,184.43,255.9,192.5,100.0,200,35501.9,177.51
2022-07-03,Sunday,High,No,201.12,165.95,272.6,244.6,100.0,200,40587.29,202.94
2022-07-04,Monday,High,Yes,198.84,219.65,312.3,297.1,100.0,200,65259.4,326.3
2022-07-05,Tuesday,High,No,167.39,174.41,165.2,140.9,82.6,200,24571.32,122.86
2022-07-06,Wednesday,High,No,202.76,185.49,183.7,142.3,91.9,200,26393.79,131.97
2022-07-07,Thursday,High,No,185.83,171.87,161.5,115.5,80.8,200,19845.55,99.23
2022-07-08,Friday,High,No,180.36,221.07,148.8,165.7,74.4,200,36626.4,183.13
2022-07-09,Saturday,High,No,202.4,203.7,234.3,215.6,100.0,200,43918.6,219.59
2022-07-10,Sunday,High,No,186.37,202.44,296.7,249.3,100.0,200,50474.18,252.37
2022-07-11,Monday,High,No,212.24,185.94,179.3,184.2,89.7,200,34241.26,171.21
2022-07-12,Tuesday,High,No,185.6,236.25,179.4,142.4,89.7,200,33644.91,168.22
2022-07-13,Wednesday,High,No,204.49,219.45,188.5,130.6,94.2,200,28663.69,143.32
2022-07-14,Thursday,High,No,184.09,195.05,175.3,159.9,87.6,200,31185.12,155.93
2022-07-15,Friday,High,No,197.67,173.29,187.6,170.9,93.8,200,29618.95,148.09
2022-07-16,Saturday,High,No,203.4,221.62,261.9,234.6,100.0,200,52001.44,260.01
2022-07-17,Sunday,High,No,193.95,166.78,260.6,226.9,100.0,200,37845.18,189.23
2022-07-18,Monday,High,No,199.07,174.47,158.4,151.3,79.2,200,26396.86,131.98
2022-07-19,Tuesday,High,No,194.41,213.63,175.2,149.5,87.6,200,31930.02,159.65
2022-07-20,Wednesday,High,No,209.07,189.68,181.9,146.2,91.0,200,27735.68,138.68
2022-07-21,Thursday,High,No,188.48,193.82,182.9,146.7,91.5,200,28436.83,142.18
2022-07-22,Friday,High,No,213.84,182.11,176.3,142.1,88.1,200,25872.49,129.36
2022-07-23,Saturday,High,No,216.7,203.93,272.6,191.2,100.0,200,38999.68,195.0
2022-07-24,Sunday,High,No,199.01,217.79,246.5,235.8,100.0,200,51354.95,256.77
2022-07-25,Monday,High,No,187.24,228.19,214.2,174.3,100.0,200,39766.79,198.83
2022-07-26,Tuesday,High,No,188.32,229.07,199.9,159.5,100.0,200,36528.98,182.64
2022-07-27,Wednesday,High,No,188.7,194.36,151.5,114.8,75.7,200,22322.59,111.61
2022-07-28,Thursday,High,No,179.94,184.64,177.9,155.4,88.9,200,28689.33,143.45
2022-07-29,Friday,High,No,218.26,180.03,199.7,165.5,99.8,200,29788.32,148.94
2022-07-30,Saturday,High,No,194.26,213.5,222.1,197.2,100.0,200,42110.34,210.55
2022-07-31,Sunday,High,No,197.5,209.85,253.1,277.2,100.0,200,58176.32,290.88
2022-08-01,Monday,High,No,185.43,189.38,166.4,132.2,83.2,200,25033.65,125.17
2022-08-02,Tuesday,High,No,185.44,223.78,197.2,156.4,98.6,200,34999.39,175.0
2022-08-03,Wednesday,High,No,182.51,209.43,161.0,147.0,80.5,200,30792.98,153.96
2022-08-04,Thursday,High,No,198.04,169.69,211.0,217.2,100.0,200,36854.19,184.27
2022-08-05,Friday,High,No,185.81,192.25,183.8,162.4,91.9,200,31224.25,156.12
2022-08-06,Saturday,High,No,204.88,240.2,235.4,181.3,100.0,200,43553.31,217.77
2022-08-07,Sunday,High,No,174.31,185.38,246.5,253.8,100.0,200,47049.37,235.25
2022-08-08,Monday,High,No,187.24,204.48,174.7,169.3,87.3,200,34608.68,173.04
2022-08-09,Tuesday,High,No,232.9,189.38,170.2,162.5,85.1,200,30765.65,153.83
2022-08-10,Wednesday,High,No,205.23,236.93,183.3,149.2,91.7,200,35362.08,176.81
2022-08-11,Thursday,High,No,203.86,222.17,191.6,172.5,95.8,200,38334.34,191.67
2022-08-12,Friday,High,No,211.0,223.39,204.5,187.1,100.0,200,41788.08,208.94
2022-08-13,Saturday,High,No,192.49,202.93,272.0,209.0,100.0,200,42413.68,212.07
2022-08-14,Sunday,High,No,200.53,192.13,252.6,247.0,100.0,200,47452.9,237.26
2022-08-15,Monday,High,No,197.87,200.93,152.0,140.5,76.0,200,28233.04,141.17
2022-08-16,Tuesday,High,No,204.68,243.27,163.7,142.7,81.8,200,34714.49,173.57
2022-08-17,Wednesday,High,No,198.74,231.55,169.2,148.5,84.6,200,34390.42,171.95
2022-08-18,Thursday,High,No,204.12,203.73,171.1,148.7,85.5,200,30301.28,151.51
2022-08-19,Friday,High,No,211.1,179.47,182.7,142.5,91.3,200,25569.43,127.85
2022-08-20,Saturday,High,No,212.93,191.63,240.8,213.8,100.0,200,40967.79,204.84
2022-08-21,Sunday,High,No,218.48,198.68,240.9,250.1,100.0,200,49686.73,248.43
2022-08-22,Monday,High,No,173.28,156.02,188.8,151.0,94.4,200,23559.83,117.8
2022-08-23,Tuesday,High,No,179.68,214.17,174.5,138.5,87.3,200,29660.29,148.3
2022-08-24,Wednesday,High,No,175.8,217.45,180.2,151.4,90.1,200,32919.72,164.6
2022-08-25,Thursday,High,No,222.7,178.6,149.5,116.7,74.7,200,20846.49,104.23
2022-08-26,Friday,High,No,194.32,204.87,172.2,152.5,86.1,200,31236.19,156.18
2022-08-27,Saturday,High,No,176.23,228.88,227.8,219.1,100.0,200,50136.12,250.68
2022-08-28,Sunday,High,No,200.14,209.14,260.0,232.6,100.0,200,48652.88,243.26
2022-08-29,Monday,High,No,204.64,226.58,178.1,164.0,89.1,200,37170.85,185.85
2022-08-30,Tuesday,High,No,193.65,228.8,156.7,161.4,78.3,200,36925.49,184.63
2022-08-31,Wednesday,High,No,194.4,171.38,182.6,142.7,91.3,200,24464.17,122.32
2022-09-01,Thursday,Medium,No,177.61,170.95,111.1,73.4,55.5,200,12552.09,62.76
2022-09-02,Friday,Medium,No,158.22,135.52,88.3,81.8,44.2,200,11084.35,55.42
2022-09-03,Saturday,Medium,No,176.79,192.51,144.2,121.9,72.1,200,23459.86,117.3
2022-09-04,Sunday,Medium,No,164.95,160.83,198.1,185.7,99.0,200,29872.34,149.36
2022-09-05,Monday,Medium,Yes,161.69,184.54,188.0,121.4,94.0,200,22408.89,112.04
2022-09-06,Tuesday,Medium,No,161.29,170.36,97.9,80.5,49.0,200,13713.82,68.57
2022-09-07,Wednesday,Medium,No,191.97,196.82,107.7,97.7,53.8,200,19225.35,96.13
2022-09-08,Thursday,Medium,No,185.99,202.49,118.0,92.7,59.0,200,18763.97,93.82
2022-09-09,Friday,Medium,No,175.47,191.87,134.5,122.9,67.3,200,23581.67,117.91
2022-09-10,Saturday,Medium,No,180.74,173.3,194.3,169.0,97.2,200,29293.14,146.47
2022-09-11,Sunday,Medium,No,196.13,170.22,202.7,176.3,100.0,200,30013.11,150.07
2022-09-12,Monday,Medium,No,155.23,174.32,109.2,97.4,54.6,200,16982.58,84.91
2022-09-13,Tuesday,Medium,No,172.84,172.53,119.5,127.2,59.8,200,21943.39,109.72
2022-09-14,Wednesday,Medium,No,190.91,192.73,120.4,103.8,60.2,200,20005.16,100.03
2022-09-15,Thursday,Medium,No,174.2,163.54,114.9,78.5,57.4,200,12831.76,64.16
2022-09-16,Friday,Medium,No,170.99,196.94,104.9,105.6,52.4,200,20806.63,104.03
2022-09-17,Saturday,Medium,No,146.61,154.71,169.7,162.0,84.9,200,25066.36,125.33
2022-09-18,Sunday,Medium,No,190.26,174.82,189.6,160.4,94.8,200,28042.82,140.21
2022-09-19,Monday,Medium,No,162.41,201.67,124.3,86.1,62.2,200,17362.16,86.81
2022-09-20,Tuesday,Medium,No,187.15,211.6,102.8,91.4,51.4,200,19347.89,96.74
2022-09-21,Wednesday,Medium,No,172.41,189.21,105.5,82.6,52.7,200,15624.85,78.12
2022-09-22,Thursday,Medium,No,164.62,207.45,121.5,98.8,60.8,200,20491.35,102.46
2022-09-23,Friday,Medium,No,176.58,158.92,143.0,96.7,71.5,200,15360.28,76.8
2022-09-24,Saturday,Medium,No,159.56,161.61,141.5,136.7,70.7,200,22085.65,110.43
2022-09-25,Sunday,Medium,No,157.98,190.93,156.6,140.5,78.3,200,26832.7,134.16
2022-09-26,Monday,Medium,No,166.15,158.34,139.9,112.0,70.0,200,17738.47,88.69
2022-09-27,Tuesday,Medium,No,141.65,175.44,141.4,132.2,70.7,200,23199.67,116.0
2022-09-28,Wednesday,Medium,No,159.77,177.01,109.7,116.0,54.8,200,20535.06,102.68
2022-09-29,Thursday,Medium,No,170.73,192.6,136.0,118.8,68.0,200,22889.09,114.45
2022-09-30,Friday,Medium,No,161.11,180.07,114.3,96.8,57.2,200,17423.22,87.12
2022-10-01,Saturday,Medium,No,175.91,185.04,180.0,151.6,90.0,200,28048.13,140.24
2022-10-02,Sunday,Medium,No,166.18,144.04,186.3,164.8,93.2,200,23741.97,118.71
2022-10-03,Monday,Medium,No,179.97,161.97,161.8,135.2,80.9,200,21905.94,109.53
2022-10-04,Tuesday,Medium,No,181.62,163.2,132.3,98.5,66.1,200,16072.96,80.36
2022-10-05,Wednesday,Medium,No,155.64,222.28,100.8,87.8,50.4,200,19527.01,97.64
2022-10-06,Thursday,Medium,No,178.05,193.91,119.8,106.2,59.9,200,20594.25,102.97
2022-10-07,Friday,Medium,No,201.05,182.85,124.0,118.4,62.0,200,21658.14,108.29
2022-10-08,Saturday,Medium,No,181.58,207.74,173.5,127.7,86.8,200,26519.0,132.59
2022-10-09,Sunday,Medium,No,189.5,161.07,174.1,134.8,87.0,200,21715.3,108.58
2022-10-10,Monday,Medium,No,164.04,190.58,120.6,107.6,60.3,200,20506.13,102.53
2022-10-11,Tuesday,Medium,No,189.21,193.07,114.4,108.3,57.2,200,20900.22,104.5
2022-10-12,Wednesday,Medium,No,182.84,159.45,131.9,121.4,66.0,200,19358.19,96.79
2022-10-13,Thursday,Medium,No,160.54,211.51,105.6,91.1,52.8,200,19260.02,96.3
2022-10-14,Friday,Medium,No,162.4,184.31,93.2,65.8,46.6,200,12129.84,60.65
2022-10-15,Saturday,Medium,No,188.92,167.06,148.2,94.0,74.1,200,15710.24,78.55
2022-10-16,Sunday,Medium,No,155.42,157.54,200.2,190.3,100.0,200,29985.95,149.93
2022-10-17,Monday,Medium,No,154.68,229.05,122.3,100.0,61.2,200,22905.7,114.53
2022-10-18,Tuesday,Medium,No,127.51,178.51,77.8,53.3,38.9,200,9520.9,47.6
2022-10-19,Wednesday,Medium,No,180.34,232.8,137.2,124.4,68.6,200,28952.58,144.76
2022-10-20,Thursday,Medium,No,173.92,201.07,129.6,113.8,64.8,200,22875.26,114.38
2022-10-21,Friday,Medium,No,166.56,182.75,101.4,83.4,50.7,200,15234.34,76.17
2022-10-22,Saturday,Medium,No,139.61,182.03,132.9,98.3,66.5,200,17895.05,89.48
2022-10-23,Sunday,Medium,No,167.7,211.84,173.1,119.9,86.6,200,25410.14,127.05
2022-10-24,Monday,Medium,No,150.16,202.82,87.7,72.6,43.9,200,14723.52,73.62
2022-10-25,Tuesday,Medium,No,173.25,164.63,122.1,87.5,61.1,200,14405.72,72.03
2022-10-26,Wednesday,Medium,No,155.98,190.4,80.2,71.7,40.1,200,13651.33,68.26
2022-10-27,Thursday,Medium,No,164.71,195.05,117.8,116.2,58.9,200,22673.53,113.37
2022-10-28,Friday,Medium,No,166.88,175.41,120.6,109.1,60.3,200,19131.6,95.66
2022-10-29,Saturday,Medium,No,165.73,184.81,148.2,116.1,74.1,200,21459.06,107.3
2022-10-30,Sunday,Medium,No,143.96,201.55,123.0,96.0,61.5,200,19347.98,96.74
2022-10-31,Monday,Medium,No,154.22,201.9,103.0,100.4,51.5,200,20265.54,101.33
2022-11-01,Tuesday,Low,No,124.9,157.58,57.0,60.7,28.5,200,9563.7,47.82
2022-11-02,Wednesday,Low,No,117.19,158.2,84.3,75.1,42.1,200,11884.09,59.42
2022-11-03,Thursday,Low,No,132.22,149.4,77.8,65.0,38.9,200,9703.86,48.52
2022-11-04,Friday,Low,No,149.46,196.21,61.3,43.7,30.7,200,8581.96,42.91
2022-11-05,Saturday,Low,No,133.68,187.15,82.5,83.6,41.2,200,15651.78,78.26
2022-11-06,Sunday,Low,No,160.17,140.93,123.4,125.0,61.7,200,17610.93,88.05
2022-11-07,Monday,Low,No,129.31,147.93,64.9,48.6,32.5,200,7187.52,35.94
2022-11-08,Tuesday,Low,No,125.26,127.52,80.2,62.0,40.1,200,7910.44,39.55
2022-11-09,Wednesday,Low,No,138.51,120.88,86.6,80.8,43.3,200,9772.69,48.86
2022-11-10,Thursday,Low,No,105.09,147.13,95.0,69.2,47.5,200,10185.1,50.93
2022-11-11,Friday,Low,No,160.09,160.38,65.9,55.6,32.9,200,8918.81,44.59
2022-11-12,Saturday,Low,No,143.37,153.52,120.4,91.3,60.2,200,14009.21,70.05
2022-11-13,Sunday,Low,No,137.54,123.73,109.8,83.4,54.9,200,10317.05,51.59
2022-11-14,Monday,Low,No,123.97,176.72,91.6,83.5,45.8,200,14747.69,73.74
2022-11-15,Tuesday,Low,No,118.62,145.67,98.8,85.4,49.4,200,12435.91,62.18
2022-11-16,Wednesday,Low,No,169.79,159.87,83.8,68.7,41.9,200,10978.53,54.89
2022-11-17,Thursday,Low,No,137.0,148.95,92.1,87.1,46.0,200,12968.7,64.84
2022-11-18,Friday,Low,No,123.21,125.38,42.9,38.6,21.4,200,4839.86,24.2
2022-11-19,Saturday,Low,No,118.45,108.94,119.8,131.7,59.9,200,14343.86,71.72
2022-11-20,Sunday,Low,No,134.91,168.77,105.2,88.4,52.6,200,14916.29,74.58
2022-11-21,Monday,Low,No,148.79,146.19,85.3,75.3,42.7,200,11007.17,55.04
2022-11-22,Tuesday,Low,No,124.98,171.84,67.5,52.3,33.8,200,8982.99,44.91
2022-11-23,Wednesday,Low,No,143.05,134.03,80.6,68.4,40.3,200,9168.45,45.84
2022-11-24,Thursday,Low,Yes,151.29,161.49,124.9,116.4,62.5,200,18795.86,93.98
2022-11-25,Friday,Low,Yes,155.85,163.16,126.4,90.9,63.2,200,14825.01,74.13
2022-11-26,Saturday,Low,No,119.02,145.9,92.2,76.7,46.1,200,11185.21,55.93
2022-11-27,Sunday,Low,No,135.85,162.59,104.0,93.4,52.0,200,15192.36,75.96
2022-11-28,Monday,Low,No,135.97,112.49,61.2,51.1,30.6,200,5753.82,28.77
2022-11-29,Tuesday,Low,No,116.85,164.0,100.9,98.1,50.5,200,16087.25,80.44
2022-11-30,Wednesday,Low,No,131.8,181.81,73.9,60.3,36.9,200,10962.66,54.81
2022-12-01,Thursday,Low,No,125.8,145.95,68.4,59.3,34.2,200,8654.67,43.27
2022-12-02,Friday,Low,No,137.41,152.06,86.2,83.5,43.1,200,12699.15,63.5
2022-12-03,Saturday,Low,No,149.24,122.3,60.9,57.5,30.5,200,7029.35,35.15
2022-12-04,Sunday,Low,No,114.5,147.5,78.9,52.9,39.5,200,7796.35,38.98
2022-12-05,Monday,Low,No,143.12,167.18,64.4,38.1,32.2,200,6365.39,31.83
2022-12-06,Tuesday,Low,No,126.81,159.84,44.2,38.4,22.1,200,6130.47,30.65
2022-12-07,Wednesday,Low,No,134.77,163.59,77.3,58.2,38.6,200,9513.03,47.57
2022-12-08,Thursday,Low,No,152.95,148.83,79.5,60.1,39.7,200,8947.72,44.74
2022-12-09,Friday,Low,No,128.35,134.3,75.4,77.0,37.7,200,10344.73,51.72
2022-12-10,Saturday,Low,No,114.42,119.73,139.9,116.0,69.9,200,13883.45,69.42
2022-12-11,Sunday,Low,No,124.96,172.8,87.0,89.9,43.5,200,15528.2,77.64
2022-12-12,Monday,Low,No,145.17,142.24,123.1,97.2,61.6,200,13828.05,69.14
2022-12-13,Tuesday,Low,No,146.13,157.99,104.1,104.7,52.0,200,16545.57,82.73
2022-12-14,Wednesday,Low,No,135.48,136.93,88.9,69.6,44.5,200,9526.77,47.63
2022-12-15,Thursday,Low,No,165.2,154.73,72.7,63.1,36.3,200,9768.47,48.84
2022-12-16,Friday,High,No,174.79,180.57,202.2,158.6,100.0,200,28639.24,143.2
2022-12-17,Saturday,High,No,179.3,210.73,262.5,242.0,100.0,200,50988.88,254.94
2022-12-18,Sunday,High,No,209.94,184.86,223.6,223.6,100.0,200,41334.43,206.67
2022-12-19,Monday,High,No,190.16,194.98,205.2,185.8,100.0,200,36233.47,181.17
2022-12-20,Tuesday,High,No,201.84,243.3,156.0,147.1,78.0,200,35791.66,178.96
2022-12-21,Wednesday,High,No,195.86,205.37,207.9,187.3,100.0,200,38469.0,192.34
2022-12-22,Thursday,High,No,203.07,221.45,167.8,128.6,83.9,200,28469.47,142.35
2022-12-23,Friday,High,No,179.33,160.67,221.1,163.6,100.0,200,26279.8,131.4
2022-12-24,Saturday,High,No,191.68,194.46,257.1,239.5,100.0,200,46566.61,232.83
2022-12-25,Sunday,High,Yes,207.91,188.34,399.9,351.2,100.0,200,66140.34,330.7
2022-12-26,Monday,High,No,191.27,232.15,178.3,164.6,89.1,200,38220.28,191.1
2022-12-27,Tuesday,High,No,204.94,223.47,178.7,128.7,89.4,200,28771.4,143.86
2022-12-28,Wednesday,High,No,201.0,186.97,169.4,153.9,84.7,200,28784.13,143.92
2022-12-29,Thursday,High,No,213.57,200.43,186.2,189.9,93.1,200,38069.09,190.35
2022-12-30,Friday,High,No,198.61,252.03,176.8,119.1,88.4,200,30027.24,150.14
2022-12-31,Saturday,High,Yes,206.3,207.62,428.2,392.8,100.0,200,81557.15,407.79
2023-01-01,Sunday,Low,Yes,132.92,127.51,175.0,133.9,87.5,200,17071.69,85.36
2023-01-02,Monday,Low,No,126.29,163.77,106.3,94.5,53.1,200,15481.12,77.41
2023-01-03,Tuesday,Low,No,117.06,160.89,94.9,74.9,47.5,200,12053.21,60.27
2023-01-04,Wednesday,Low,No,132.99,152.29,60.8,55.6,30.4,200,8473.37,42.37
2023-01-05,Thursday,Low,No,133.19,160.39,57.3,46.2,28.7,200,7415.97,37.08
2023-01-06,Friday,Low,No,145.84,144.54,114.5,92.8,57.3,200,13410.87,67.05
2023-01-07,Saturday,Low,No,138.37,170.65,75.8,51.1,37.9,200,8716.71,43.58
2023-01-08,Sunday,Low,No,112.12,156.96,87.5,96.8,43.8,200,15191.41,75.96
2023-01-09,Monday,Low,No,126.54,155.69,105.3,110.6,52.7,200,17226.0,86.13
2023-01-10,Tuesday,Low,No,165.92,176.17,99.0,90.0,49.5,200,15857.78,79.29
2023-01-11,Wednesday,Low,No,146.68,140.98,63.6,54.1,31.8,200,7622.47,38.11
2023-01-12,Thursday,Low,No,132.45,142.94,92.0,87.0,46.0,200,12437.47,62.19
2023-01-13,Friday,Low,No,136.33,181.55,49.2,40.9,24.6,200,7420.14,37.1
2023-01-14,Saturday,Low,No,124.25,114.67,110.3,92.5,55.2,200,10601.29,53.01
2023-01-15,Sunday,Low,No,157.7,164.62,90.0,93.2,45.0,200,15347.4,76.74
2023-01-16,Monday,Low,No,153.32,163.64,73.9,55.7,36.9,200,9113.21,45.57
2023-01-17,Tuesday,Low,No,129.42,173.77,109.5,109.9,54.7,200,19104.65,95.52
2023-01-18,Wednesday,Low,No,127.67,129.61,82.5,55.5,41.2,200,7193.7,35.97
2023-01-19,Thursday,Low,No,139.85,149.05,69.1,47.7,34.6,200,7111.95,35.56
2023-01-20,Friday,Low,No,142.7,141.35,56.6,31.9,28.3,200,4502.43,22.51
2023-01-21,Saturday,Low,No,134.59,187.45,132.0,106.2,66.0,200,19904.74,99.52
2023-01-22,Sunday,Low,No,125.97,161.38,82.6,72.7,41.3,200,11730.67,58.65
2023-01-23,Monday,Low,No,146.49,176.54,73.1,60.6,36.5,200,10702.61,53.51
2023-01-24,Tuesday,Low,No,121.83,135.46,72.8,64.5,36.4,200,8742.89,43.71
2023-01-25,Wednesday,Low,No,148.7,135.94,109.9,90.4,54.9,200,12288.29,61.44
2023-01-26,Thursday,Low,No,134.68,137.06,31.1,29.2,15.5,200,3998.83,19.99
2023-01-27,Friday,Low,No,146.05,146.37,81.3,73.3,40.6,200,10727.41,53.64
2023-01-28,Saturday,Low,No,111.56,141.42,118.9,86.1,59.4,200,12182.73,60.91
2023-01-29,Sunday,Low,No,139.4,124.87,121.3,102.7,60.7,200,12823.59,64.12
2023-01-30,Monday,Low,No,110.77,155.08,55.7,42.8,27.9,200,6643.44,33.22
2023-01-31,Tuesday,Low,No,138.01,174.97,53.3,45.6,26.6,200,7977.98,39.89
2023-02-01,Wednesday,Low,No,141.43,165.86,79.4,64.6,39.7,200,10708.42,53.54
2023-02-02,Thursday,Low,No,122.59,153.72,52.5,29.3,26.2,200,4498.9,22.49
2023-02-03,Friday,Low,No,141.55,170.08,27.9,20.9,14.0,200,3554.78,17.77
2023-02-04,Saturday,Low,No,144.29,193.15,101.0,78.5,50.5,200,15167.32,75.84
2023-02-05,Sunday,Low,No,132.26,179.5,87.1,67.1,43.5,200,12036.73,60.18
2023-02-06,Monday,Low,No,127.76,132.93,81.5,82.5,40.7,200,10966.64,54.83
2023-02-07,Tuesday,Low,No,139.85,146.95,72.9,50.6,36.5,200,7435.81,37.18
2023-02-08,Wednesday,Low,No,148.25,150.44,76.0,88.9,38.0,200,13375.65,66.88
2023-02-09,Thursday,Low,No,139.48,136.96,71.5,69.0,35.7,200,9445.08,47.23
2023-02-10,Friday,Low,No,136.7,123.23,98.4,77.1,49.2,200,9495.63,47.48
2023-02-11,Saturday,Low,No,163.1,173.6,100.9,98.7,50.4,200,17131.09,85.66
2023-02-12,Sunday,Low,No,136.02,169.06,113.5,86.9,56.8,200,14689.99,73.45
2023-02-13,Monday,Low,No,125.35,172.6,64.3,52.0,32.1,200,8979.44,44.9
2023-02-14,Tuesday,Low,No,120.67,160.47,113.3,84.2,56.7,200,13517.51,67.59
2023-02-15,Wednesday,Low,No,135.36,180.24,70.4,63.1,35.2,200,11367.87,56.84
2023-02-16,Thursday,Low,No,119.06,160.57,67.9,64.4,33.9,200,10340.46,51.7
2023-02-17,Friday,Low,No,152.81,203.79,83.6,73.8,41.8,200,15033.92,75.17
2023-02-18,Saturday,Low,No,137.92,144.94,117.1,96.0,58.5,200,13920.06,69.6
2023-02-19,Sunday,Low,No,137.53,178.35,81.9,78.9,40.9,200,14080.13,70.4
2023-02-20,Monday,Low,No,154.76,149.64,37.6,29.6,18.8,200,4436.08,22.18
2023-02-21,Tuesday,Low,No,154.45,151.54,60.0,48.0,30.0,200,7271.4,36.36
2023-02-22,Wednesday,Low,No,147.61,162.93,72.7,59.2,36.4,200,9637.95,48.19
2023-02-23,Thursday,Low,No,129.12,133.55,111.5,91.2,55.7,200,12175.71,60.88
2023-02-24,Friday,Low,No,153.26,182.43,95.4,77.0,47.7,200,14041.54,70.21
2023-02-25,Saturday,Low,No,141.06,151.52,91.4,80.7,45.7,200,12225.07,61.13
2023-02-26,Sunday,Low,No,117.31,175.75,86.0,74.8,43.0,200,13147.06,65.74
2023-02-27,Monday,Low,No,139.25,146.82,90.4,72.6,45.2,200,10654.85,53.27
2023-02-28,Tuesday,Low,No,148.07,125.08,82.5,86.1,41.3,200,10775.67,53.88
2023-03-01,Wednesday,Low,No,120.0,138.45,86.6,75.2,43.3,200,10404.81,52.02
2023-03-02,Thursday,Low,No,140.26,161.78,89.0,85.5,44.5,200,13838.54,69.19
2023-03-03,Friday,Low,No,141.15,147.17,92.4,96.1,46.2,200,14146.82,70.73
2023-03-04,Saturday,Low,No,133.01,132.51,134.1,112.4,67.1,200,14894.79,74.47
2023-03-05,Sunday,Low,No,102.41,143.37,87.9,73.9,43.9,200,10592.47,52.96
2023-03-06,Monday,Low,No,139.98,155.81,91.5,73.8,45.7,200,11494.11,57.47
2023-03-07,Tuesday,Low,No,142.7,146.81,94.1,85.8,47.0,200,12590.57,62.95
2023-03-08,Wednesday,Low,No,120.97,173.72,58.8,54.7,29.4,200,9510.33,47.55
2023-03-09,Thursday,Low,No,140.51,188.76,67.3,54.8,33.6,200,10352.69,51.76
2023-03-10,Friday,Low,No,134.71,145.94,94.0,64.7,47.0,200,9442.91,47.21
2023-03-11,Saturday,Low,No,119.19,130.64,127.8,130.5,63.9,200,17045.1,85.23
2023-03-12,Sunday,Low,No,133.43,148.62,109.6,105.9,54.8,200,15734.92,78.67
2023-03-13,Monday,Low,No,121.09,156.77,92.4,83.2,46.2,200,13042.96,65.21
2023-03-14,Tuesday,Low,No,137.84,172.02,20.0,18.3,10.0,200,3155.17,15.78
2023-03-15,Wednesday,Low,No,125.19,115.39,90.2,89.1,45.1,200,10279.18,51.4
2023-03-16,Thursday,Medium,No,162.94,203.06,143.4,140.7,71.7,200,28575.82,142.88
2023-03-17,Friday,Medium,No,189.6,198.84,119.8,82.6,59.9,200,16425.68,82.13
2023-03-18,Saturday,Medium,No,161.31,167.14,209.6,174.5,100.0,200,29160.43,145.8
2023-03-19,Sunday,Medium,No,166.85,195.03,160.4,163.5,80.2,200,31884.82,159.42
2023-03-20,Monday,Medium,No,155.66,187.89,97.7,70.1,48.8,200,13179.82,65.9
2023-03-21,Tuesday,Medium,No,155.82,183.26,105.1,82.0,52.5,200,15034.31,75.17
2023-03-22,Wednesday,Medium,No,143.91,182.34,80.3,74.4,40.1,200,13556.82,67.78
2023-03-23,Thursday,Medium,No,166.24,154.85,113.8,88.2,56.9,200,13655.0,68.28
2023-03-24,Friday,Medium,No,169.79,210.81,73.8,63.6,36.9,200,13402.79,67.01
2023-03-25,Saturday,Medium,No,162.6,197.43,161.5,125.1,80.7,200,24699.28,123.5
2023-03-26,Sunday,Medium,No,160.21,168.08,187.0,159.4,93.5,200,26789.79,133.95
2023-03-27,Monday,Medium,No,193.52,182.79,105.8,73.9,52.9,200,13514.74,67.57
2023-03-28,Tuesday,Medium,No,137.95,152.32,121.6,109.5,60.8,200,16684.94,83.42
2023-03-29,Wednesday,Medium,No,141.28,201.9,94.9,82.1,47.4,200,16566.29,82.83
2023-03-30,Thursday,Medium,No,189.18,201.94,112.2,85.4,56.1,200,17239.89,86.2
2023-03-31,Friday,Medium,No,132.72,169.62,105.8,79.5,52.9,200,13478.31,67.39
2023-04-01,Saturday,Medium,No,163.03,185.54,156.5,122.9,78.3,200,22800.28,114.0
2023-04-02,Sunday,Medium,No,167.53,192.84,138.6,137.3,69.3,200,26485.2,132.43
2023-04-03,Monday,Medium,No,163.52,184.38,129.6,113.2,64.8,200,20863.86,104.32
2023-04-04,Tuesday,Medium,No,179.3,189.74,105.7,93.6,52.8,200,17764.7,88.82
2023-04-05,Wednesday,Medium,No,147.84,186.17,110.0,91.2,55.0,200,16981.23,84.91
2023-04-06,Thursday,Medium,No,163.07,146.36,109.0,93.7,54.5,200,13711.86,68.56
2023-04-07,Friday,Medium,No,167.4,163.45,145.3,110.9,72.7,200,18131.17,90.66
2023-04-08,Saturday,Medium,No,179.54,192.54,151.4,155.6,75.7,200,29958.77,149.79
2023-04-09,Sunday,Medium,No,147.1,202.38,169.1,132.4,84.5,200,26789.43,133.95
2023-04-10,Monday,Medium,No,185.89,179.0,125.8,110.2,62.9,200,19722.47,98.61
2023-04-11,Tuesday,Medium,No,162.99,200.22,127.6,86.2,63.8,200,17254.63,86.27
2023-04-12,Wednesday,Medium,No,184.57,150.75,140.7,135.4,70.3,200,20411.65,102.06
2023-04-13,Thursday,Medium,No,148.64,175.78,91.3,75.7,45.7,200,13298.3,66.49
2023-04-14,Friday,Medium,No,160.38,199.59,137.4,136.0,68.7,200,27138.81,135.69
2023-04-15,Saturday,Medium,No,156.57,179.82,126.8,97.6,63.4,200,17549.67,87.75
2023-04-16,Sunday,Medium,No,179.47,216.31,133.0,105.1,66.5,200,22744.04,113.72
2023-04-17,Monday,Medium,No,164.6,189.6,98.3,87.8,49.2,200,16639.5,83.2
2023-04-18,Tuesday,Medium,No,157.89,183.71,125.0,106.4,62.5,200,19540.13,97.7
2023-04-19,Wednesday,Medium,No,158.45,181.81,112.9,91.8,56.5,200,16691.68,83.46
2023-04-20,Thursday,Medium,No,161.12,215.97,119.0,97.6,59.5,200,21079.47,105.4
2023-04-21,Friday,Medium,No,175.45,177.32,143.1,126.9,71.5,200,22503.41,112.52
2023-04-22,Saturday,Medium,No,163.39,192.95,127.5,94.0,63.7,200,18134.14,90.67
2023-04-23,Sunday,Medium,No,147.09,186.86,189.0,202.8,94.5,200,37903.84,189.52
2023-04-24,Monday,Medium,No,174.57,194.02,80.0,63.6,40.0,200,12346.01,61.73
2023-04-25,Tuesday,Medium,No,153.18,171.58,112.3,90.2,56.2,200,15470.58,77.35
2023-04-26,Wednesday,Medium,No,135.31,198.96,81.6,71.3,40.8,200,14190.13,70.95
2023-04-27,Thursday,Medium,No,196.11,165.61,69.4,57.0,34.7,200,9439.97,47.2
2023-04-28,Friday,Medium,No,181.51,223.17,87.1,78.4,43.6,200,17497.28,87.49
2023-04-29,Saturday,Medium,No,158.02,181.88,213.3,149.2,100.0,200,27142.15,135.71
2023-04-30,Sunday,Medium,No,168.81,193.35,182.4,156.8,91.2,200,30320.91,151.6
2023-05-01,Monday,Medium,No,169.62,176.17,124.0,101.1,62.0,200,17817.33,89.09
2023-05-02,Tuesday,Medium,No,174.32,176.61,127.1,107.6,63.5,200,19009.69,95.05
2023-05-03,Wednesday,Medium,No,181.89,182.97,84.3,82.3,42.2,200,15061.85,75.31
2023-05-04,Thursday,Medium,No,151.41,170.92,103.4,102.1,51.7,200,17459.79,87.3
2023-05-05,Friday,Medium,No,132.96,186.15,126.7,110.5,63.4,200,20577.46,102.89
2023-05-06,Saturday,Medium,No,164.18,189.71,170.6,156.0,85.3,200,29595.4,147.98
2023-05-07,Sunday,Medium,No,173.33,185.79,160.4,133.9,80.2,200,24884.82,124.42
2023-05-08,Monday,Medium,No,162.08,206.68,122.0,67.8,61.0,200,14014.19,70.07
2023-05-09,Tuesday,Medium,No,174.84,187.89,116.9,94.9,58.5,200,17822.5,89.11
2023-05-10,Wednesday,Medium,No,181.86,202.95,100.4,89.4,50.2,200,18143.41,90.72
2023-05-11,Thursday,Medium,No,150.43,156.41,106.0,99.3,53.0,200,15527.07,77.64
2023-05-12,Friday,Medium,No,179.3,194.26,131.5,118.6,65.7,200,23031.71,115.16
2023-05-13,Saturday,Medium,No,155.38,192.64,171.9,159.1,86.0,200,30649.08,153.25
2023-05-14,Sunday,Medium,No,182.83,198.17,170.8,163.5,85.4,200,32392.33,161.96
2023-05-15,Monday,Medium,No,164.6,166.36,116.4,90.2,58.2,200,15011.45,75.06
2023-05-16,Tuesday,Medium,No,154.87,181.11,98.1,80.3,49.0,200,14547.67,72.74
2023-05-17,Wednesday,Medium,No,136.6,188.27,106.4,81.8,53.2,200,15390.94,76.95
2023-05-18,Thursday,Medium,No,174.89,202.75,82.1,63.5,41.1,200,12881.48,64.41
2023-05-19,Friday,Medium,No,153.46,165.2,133.8,111.2,66.9,200,18364.88,91.82
2023-05-20,Saturday,Medium,No,161.03,143.92,180.7,131.2,90.4,200,18883.77,94.42
2023-05-21,Sunday,Medium,No,165.9,189.55,188.0,135.2,94.0,200,25629.64,128.15
2023-05-22,Monday,Medium,No,119.71,167.59,141.6,137.9,70.8,200,23112.95,115.56
2023-05-23,Tuesday,Medium,No,168.14,174.17,134.9,101.5,67.4,200,17677.37,88.39
2023-05-24,Wednesday,Medium,No,172.15,194.11,136.6,153.8,68.3,200,29857.77,149.29
2023-05-25,Thursday,Medium,No,170.89,173.82,118.9,80.0,59.4,200,13907.52,69.54
2023-05-26,Friday,Medium,No,154.58,175.81,104.6,90.5,52.3,200,15907.7,79.54
2023-05-27,Saturday,Medium,No,152.66,206.42,150.3,127.6,75.1,200,26334.87,131.67
2023-05-28,Sunday,Medium,No,160.08,187.1,176.0,134.3,88.0,200,25134.43,125.67
2023-05-29,Monday,Medium,Yes,155.13,177.93,156.6,120.3,78.3,200,21403.39,107.02
2023-05-30,Tuesday,Medium,No,157.86,201.49,115.3,100.2,57.7,200,20196.71,100.98
2023-05-31,Wednesday,Medium,No,177.76,181.25,127.1,106.7,63.6,200,19344.24,96.72
2023-06-01,Thursday,High,No,198.98,188.34,131.2,109.8,65.6,200,20676.13,103.38
2023-06-02,Friday,High,No,216.34,218.52,198.8,193.5,99.4,200,42288.45,211.44
2023-06-03,Saturday,High,No,196.33,203.95,236.7,193.7,100.0,200,39509.52,197.55
2023-06-04,Sunday,High,No,204.24,224.08,241.9,194.7,100.0,200,43627.5,218.14
2023-06-05,Monday,High,No,195.01,212.02,146.4,90.8,73.2,200,19258.3,96.29
2023-06-06,Tuesday,High,No,186.74,175.59,169.8,141.9,84.9,200,24907.15,124.54
2023-06-07,Wednesday,High,No,188.2,229.05,174.8,153.8,87.4,200,35238.11,176.19
2023-06-08,Thursday,High,No,204.33,177.22,200.8,169.1,100.0,200,29976.21,149.88
2023-06-09,Friday,High,No,205.06,178.56,148.9,138.8,74.5,200,24778.54,123.89
2023-06-10,Saturday,High,No,200.65,181.96,234.6,225.8,100.0,200,41089.83,205.45
2023-06-11,Sunday,High,No,177.16,232.85,210.2,192.1,100.0,200,44732.99,223.66
2023-06-12,Monday,High,No,190.07,212.06,162.9,135.8,81.4,200,28795.63,143.98
2023-06-13,Tuesday,High,No,195.61,179.96,194.8,155.6,97.4,200,28000.43,140.0
2023-06-14,Wednesday,High,No,191.57,180.11,128.8,107.0,64.4,200,19268.63,96.34
2023-06-15,Thursday,High,No,231.19,215.69,179.6,148.0,89.8,200,31911.79,159.56
2023-06-16,Friday,High,No,195.34,210.94,152.1,146.2,76.0,200,30840.77,154.2
2023-06-17,Saturday,High,No,205.73,214.36,257.6,219.5,100.0,200,47044.88,235.22
2023-06-18,Sunday,High,No,205.09,211.84,242.4,192.2,100.0,200,40706.98,203.53
2023-06-19,Monday,High,No,196.53,230.98,145.8,102.5,72.9,200,23675.32,118.38
2023-06-20,Tuesday,High,No,197.47,201.02,182.5,159.6,91.2,200,32077.32,160.39
2023-06-21,Wednesday,High,No,191.65,229.8,137.2,105.3,68.6,200,24192.86,120.96
2023-06-22,Thursday,High,No,193.45,167.14,176.5,179.3,88.2,200,29972.97,149.86
2023-06-23,Friday,High,No,195.31,204.61,152.2,120.0,76.1,200,24555.5,122.78
2023-06-24,Saturday,High,No,189.37,193.65,275.9,249.9,100.0,200,48397.09,241.99
2023-06-25,Sunday,High,No,178.33,204.93,250.7,241.7,100.0,200,49524.61,247.62
2023-06-26,Monday,High,No,218.71,179.7,163.8,118.6,81.9,200,21315.51,106.58
2023-06-27,Tuesday,High,No,191.49,209.33,194.7,164.0,97.4,200,34335.97,171.68
2023-06-28,Wednesday,High,No,190.2,203.04,159.7,169.1,79.8,200,34326.34,171.63
2023-06-29,Thursday,High,No,170.89,203.69,210.1,178.7,100.0,200,36406.66,182.03
2023-06-30,Friday,High,No,192.15,192.85,176.2,174.0,88.1,200,33547.34,167.74
2023-07-01,Saturday,High,No,161.82,230.67,191.4,157.6,95.7,200,36342.07,181.71
2023-07-02,Sunday,High,No,188.56,211.77,210.7,188.9,100.0,200,39995.44,199.98
2023-07-03,Monday,High,No,225.36,202.83,183.8,144.1,91.9,200,29219.05,146.1
2023-07-04,Tuesday,High,Yes,201.39,200.38,275.2,247.3,100.0,200,49558.62,247.79
2023-07-05,Wednesday,High,No,222.07,196.18,194.4,140.1,97.2,200,27484.16,137.42
2023-07-06,Thursday,High,No,180.65,209.45,201.1,178.1,100.0,200,37295.25,186.48
2023-07-07,Friday,High,No,190.3,199.99,152.2,138.6,76.1,200,27720.3,138.6
2023-07-08,Saturday,High,No,208.23,190.96,242.6,212.7,100.0,200,40609.07,203.05
2023-07-09,Sunday,High,No,188.45,198.68,289.9,239.2,100.0,200,47532.86,237.66
2023-07-10,Monday,High,No,189.62,187.05,194.9,162.1,97.4,200,30324.32,151.62
2023-07-11,Tuesday,High,No,185.26,226.43,196.4,155.1,98.2,200,35128.17,175.64
2023-07-12,Wednesday,High,No,167.0,220.15,149.1,138.5,74.6,200,30500.41,152.5
2023-07-13,Thursday,High,No,165.45,217.85,138.7,128.0,69.3,200,27886.27,139.43
2023-07-14,Friday,High,No,195.21,180.92,171.9,157.9,85.9,200,28563.01,142.82
2023-07-15,Saturday,High,No,196.59,211.69,285.7,198.2,100.0,200,41950.24,209.75
2023-07-16,Sunday,High,No,219.26,202.09,234.0,167.8,100.0,200,33907.81,169.54
2023-07-17,Monday,High,No,192.16,218.43,170.1,170.3,85.0,200,37189.66,185.95
2023-07-18,Tuesday,High,No,173.23,199.76,146.7,130.0,73.3,200,25971.53,129.86
2023-07-19,Wednesday,High,No,208.3,191.58,127.9,111.3,64.0,200,21318.25,106.59
2023-07-20,Thursday,High,No,201.55,208.09,203.0,150.8,100.0,200,31375.5,156.88
2023-07-21,Friday,High,No,205.2,223.85,139.5,123.1,69.8,200,27545.41,137.73
2023-07-22,Saturday,High,No,187.44,198.37,254.5,204.0,100.0,200,40459.54,202.3
2023-07-23,Sunday,High,No,184.86,200.68,223.8,165.9,100.0,200,33297.11,166.49
2023-07-24,Monday,High,No,205.19,177.02,193.3,173.3,96.7,200,30673.04,153.37
2023-07-25,Tuesday,High,No,169.11,186.45,198.3,149.1,99.2,200,27805.76,139.03
2023-07-26,Wednesday,High,No,188.03,209.24,189.6,156.4,94.8,200,32719.52,163.6
2023-07-27,Thursday,High,No,186.04,228.45,202.5,191.9,100.0,200,43842.81,219.21
2023-07-28,Friday,High,No,196.28,183.83,163.4,147.4,81.7,200,27100.88,135.5
2023-07-29,Saturday,High,No,201.28,228.03,255.0,178.4,100.0,200,40679.31,203.4
2023-07-30,Sunday,High,No,210.78,180.04,244.3,213.8,100.0,200,38489.66,192.45
2023-07-31,Monday,High,No,224.94,262.2,183.2,152.4,91.6,200,39947.08,199.74
2023-08-01,Tuesday,High,No,203.02,217.75,169.7,174.7,84.8,200,38036.23,190.18
2023-08-02,Wednesday,High,No,198.45,209.95,190.2,169.7,95.1,200,35624.73,178.12
2023-08-03,Thursday,High,No,207.58,187.65,168.8,124.9,84.4,200,23444.58,117.22
2023-08-04,Friday,High,No,201.59,215.58,185.4,188.6,92.7,200,40667.69,203.34
2023-08-05,Saturday,High,No,194.92,213.37,223.0,180.9,100.0,200,38604.42,193.02
2023-08-06,Sunday,High,No,205.43,216.98,241.9,203.9,100.0,200,44233.58,221.17
2023-08-07,Monday,High,No,172.23,192.86,191.3,173.6,95.7,200,33489.12,167.45
2023-08-08,Tuesday,High,No,202.51,201.0,180.1,141.2,90.1,200,28385.58,141.93
2023-08-09,Wednesday,High,No,205.48,208.42,189.1,150.8,94.5,200,31421.86,157.11
2023-08-10,Thursday,High,No,162.7,221.94,150.8,115.1,75.4,200,25554.33,127.77
2023-08-11,Friday,High,No,205.4,192.16,201.2,183.4,100.0,200,35248.44,176.24
2023-08-12,Saturday,High,No,205.25,172.68,276.2,242.0,100.0,200,41792.19,208.96
2023-08-13,Sunday,High,No,189.46,202.87,211.1,188.1,100.0,200,38156.27,190.78
2023-08-14,Monday,High,No,179.56,172.95,149.6,143.8,74.8,200,24862.88,124.31
2023-08-15,Tuesday,High,No,185.56,230.67,156.2,106.1,78.1,200,24467.85,122.34
2023-08-16,Wednesday,High,No,178.25,224.72,162.8,129.5,81.4,200,29091.48,145.46
2023-08-17,Thursday,High,No,197.4,210.04,198.9,197.9,99.4,200,41559.16,207.8
2023-08-18,Friday,High,No,189.6,173.48,171.7,150.4,85.9,200,26098.35,130.49
2023-08-19,Saturday,High,No,180.54,180.86,258.7,218.7,100.0,200,39548.72,197.74
2023-08-20,Sunday,High,No,195.49,184.83,247.4,187.4,100.0,200,34640.56,173.2
2023-08-21,Monday,High,No,208.35,220.7,139.9,105.9,69.9,200,23370.92,116.85
2023-08-22,Tuesday,High,No,172.55,187.0,173.8,122.5,86.9,200,22915.33,114.58
2023-08-23,Wednesday,High,No,181.17,179.92,184.1,157.8,92.1,200,28391.6,141.96
2023-08-24,Thursday,High,No,184.17,203.54,163.4,134.4,81.7,200,27363.91,136.82
2023-08-25,Friday,High,No,220.1,226.81,152.4,142.2,76.2,200,32241.02,161.21
2023-08-26,Saturday,High,No,207.17,177.03,268.4,269.4,100.0,200,47692.02,238.46
2023-08-27,Sunday,High,No,178.16,181.65,270.9,237.6,100.0,200,43159.34,215.8
2023-08-28,Monday,High,No,203.27,206.81,186.9,134.1,93.4,200,27724.01,138.62
2023-08-29,Tuesday,High,No,210.71,223.39,172.2,145.6,86.1,200,32523.45,162.62
2023-08-30,Wednesday,High,No,172.03,210.29,179.4,151.4,89.7,200,31837.83,159.19
2023-08-31,Thursday,High,No,211.87,193.32,191.3,143.1,95.6,200,27662.5,138.31
2023-09-01,Friday,Medium,No,164.65,180.51,121.0,98.4,60.5,200,17764.06,88.82
2023-09-02,Saturday,Medium,No,163.03,200.52,147.7,101.8,73.8,200,20412.58,102.06
2023-09-03,Sunday,Medium,No,191.24,211.63,136.8,125.7,68.4,200,26601.58,133.01
2023-09-04,Monday,Medium,Yes,157.46,189.27,186.2,153.9,93.1,200,29136.85,145.68
2023-09-05,Tuesday,Medium,No,153.24,170.19,97.7,74.9,48.8,200,12749.63,63.75
2023-09-06,Wednesday,Medium,No,163.99,169.68,132.4,132.2,66.2,200,22436.16,112.18
2023-09-07,Thursday,Medium,No,156.3,188.79,122.5,109.9,61.3,200,20750.94,103.75
2023-09-08,Friday,Medium,No,166.14,198.85,122.6,89.0,61.3,200,17698.87,88.49
2023-09-09,Saturday,Medium,No,178.04,201.75,146.0,124.7,73.0,200,25152.32,125.76
2023-09-10,Sunday,Medium,No,175.25,179.81,188.1,204.4,94.1,200,36754.03,183.77
2023-09-11,Monday,Medium,No,153.21,156.38,125.3,115.6,62.7,200,18073.59,90.37
2023-09-12,Tuesday,Medium,No,161.54,213.07,81.7,75.1,40.9,200,16011.19,80.06
2023-09-13,Wednesday,Medium,No,155.91,218.39,145.4,112.5,72.7,200,24560.29,122.8
2023-09-14,Thursday,Medium,No,156.76,201.19,102.1,86.3,51.0,200,17359.09,86.8
2023-09-15,Friday,Medium,No,165.38,145.61,119.7,93.5,59.9,200,13615.25,68.08
2023-09-16,Saturday,Medium,No,157.6,212.87,125.2,116.6,62.6,200,24820.28,124.1
2023-09-17,Sunday,Medium,No,160.82,178.4,178.3,157.6,89.1,200,28119.03,140.6
2023-09-18,Monday,Medium,No,173.56,203.36,107.2,84.6,53.6,200,17194.46,85.97
2023-09-19,Tuesday,Medium,No,148.72,167.49,174.4,170.0,87.2,200,28471.07,142.36
2023-09-20,Wednesday,Medium,No,144.73,157.55,126.4,114.4,63.2,200,18024.14,90.12
2023-09-21,Thursday,Medium,No,173.23,178.9,116.3,102.7,58.2,200,18369.51,91.85
2023-09-22,Friday,Medium,No,166.29,139.61,115.4,88.3,57.7,200,12323.42,61.62
2023-09-23,Saturday,Medium,No,167.63,243.71,152.5,124.8,76.2,200,30420.24,152.1
2023-09-24,Sunday,Medium,No,178.83,193.65,172.2,156.8,86.1,200,30372.86,151.86
2023-09-25,Monday,Medium,No,195.85,161.38,129.5,98.1,64.7,200,15824.76,79.12
2023-09-26,Tuesday,Medium,No,173.33,165.63,111.7,91.6,55.8,200,15173.02,75.87
2023-09-27,Wednesday,Medium,No,179.64,202.37,90.5,77.4,45.3,200,15673.06,78.37
2023-09-28,Thursday,Medium,No,154.36,158.83,114.6,93.9,57.3,200,14912.24,74.56
2023-09-29,Friday,Medium,No,201.4,192.66,92.4,73.4,46.2,200,14133.34,70.67
2023-09-30,Saturday,Medium,No,180.32,225.77,123.6,81.8,61.8,200,18469.98,92.35
2023-10-01,Sunday,Medium,No,193.06,191.79,150.6,136.1,75.3,200,26101.47,130.51
2023-10-02,Monday,Medium,No,125.46,184.07,109.7,103.4,54.9,200,19036.78,95.18
2023-10-03,Tuesday,Medium,No,149.79,185.71,92.9,81.3,46.4,200,15098.7,75.49
2023-10-04,Wednesday,Medium,No,151.57,175.84,94.3,86.3,47.2,200,15177.14,75.89
2023-10-05,Thursday,Medium,No,177.88,179.31,120.5,85.0,60.2,200,15232.53,76.16
2023-10-06,Friday,Medium,No,160.5,183.0,167.4,123.7,83.7,200,22628.26,113.14
2023-10-07,Saturday,Medium,No,186.96,203.94,169.0,173.4,84.5,200,35364.44,176.82
2023-10-08,Sunday,Medium,No,170.58,191.78,160.7,156.2,80.3,200,29962.64,149.81
2023-10-09,Monday,Medium,No,181.45,171.49,93.6,77.7,46.8,200,13319.8,66.6
2023-10-10,Tuesday,Medium,No,153.0,182.73,137.8,110.8,68.9,200,20244.77,101.22
2023-10-11,Wednesday,Medium,No,164.36,185.16,132.4,82.8,66.2,200,15331.05,76.66
2023-10-12,Thursday,Medium,No,155.9,188.23,136.5,109.3,68.3,200,20580.61,102.9
2023-10-13,Friday,Medium,No,136.85,196.39,91.6,67.0,45.8,200,13155.33,65.78
2023-10-14,Saturday,Medium,No,155.63,180.31,147.9,93.1,74.0,200,16787.51,83.94
2023-10-15,Sunday,Medium,No,178.46,209.5,172.3,126.8,86.1,200,26569.71,132.85
2023-10-16,Monday,Medium,No,161.98,183.87,127.1,116.5,63.6,200,21427.99,107.14
2023-10-17,Tuesday,Medium,No,153.99,185.64,121.7,121.2,60.9,200,22501.02,112.51
2023-10-18,Wednesday,Medium,No,175.57,199.78,116.7,115.7,58.4,200,23107.99,115.54
2023-10-19,Thursday,Medium,No,171.15,166.78,148.1,136.2,74.0,200,22713.69,113.57
2023-10-20,Friday,Medium,No,158.35,174.41,122.3,109.6,61.1,200,19115.89,95.58
2023-10-21,Saturday,Medium,No,167.96,190.23,195.3,186.9,97.7,200,35562.59,177.81
2023-10-22,Sunday,Medium,No,167.86,202.83,136.9,121.8,68.4,200,24697.9,123.49
2023-10-23,Monday,Medium,No,192.14,179.64,103.0,80.9,51.5,200,14527.52,72.64
2023-10-24,Tuesday,Medium,No,148.66,168.3,107.8,76.5,53.9,200,12875.35,64.38
2023-10-25,Wednesday,Medium,No,165.23,202.05,93.8,94.0,46.9,200,18993.42,94.97
2023-10-26,Thursday,Medium,No,172.66,204.61,100.2,93.7,50.1,200,19175.24,95.88
2023-10-27,Friday,Medium,No,148.62,201.8,110.6,100.1,55.3,200,20198.15,100.99
2023-10-28,Saturday,Medium,No,147.37,166.1,173.5,131.0,86.8,200,21767.19,108.84
2023-10-29,Sunday,Medium,No,171.95,156.66,185.0,134.4,92.5,200,21058.15,105.29
2023-10-30,Monday,Medium,No,173.28,196.51,101.2,91.9,50.6,200,18068.44,90.34
2023-10-31,Tuesday,Medium,No,168.91,173.22,98.9,64.7,49.5,200,11200.69,56.0
2023-11-01,Wednesday,Low,No,140.24,120.7,81.9,67.5,41.0,200,8143.05,40.72
2023-11-02,Thursday,Low,No,145.19,145.96,73.3,67.7,36.6,200,9874.76,49.37
2023-11-03,Friday,Low,No,140.03,158.32,86.2,60.1,43.1,200,9510.1,47.55
2023-11-04,Saturday,Low,No,146.35,164.25,87.6,72.3,43.8,200,11873.04,59.37
2023-11-05,Sunday,Low,No,134.41,149.31,115.0,114.2,57.5,200,17045.78,85.23
2023-11-06,Monday,Low,No,151.23,125.76,92.4,90.9,46.2,200,11426.16,57.13
2023-11-07,Tuesday,Low,No,140.8,173.82,114.6,109.2,57.3,200,18973.87,94.87
2023-11-08,Wednesday,Low,No,138.74,172.9,77.0,65.6,38.5,200,11346.5,56.73
2023-11-09,Thursday,Low,No,129.73,183.27,53.7,53.9,26.9,200,9878.24,49.39
2023-11-10,Friday,Low,No,142.5,124.01,87.4,55.9,43.7,200,6933.08,34.67
2023-11-11,Saturday,Low,No,144.38,169.7,94.3,81.3,47.1,200,13794.55,68.97
2023-11-12,Sunday,Low,No,164.31,141.89,90.8,90.7,45.4,200,12862.63,64.31
2023-11-13,Monday,Low,No,164.44,152.07,100.2,98.6,50.1,200,15000.63,75.0
2023-11-14,Tuesday,Low,No,123.86,142.29,101.0,102.9,50.5,200,14644.28,73.22
2023-11-15,Wednesday,Low,No,143.44,134.4,119.7,95.4,59.9,200,12825.09,64.13
2023-11-16,Thursday,Low,No,129.97,158.85,105.8,98.9,52.9,200,15713.08,78.57
2023-11-17,Friday,Low,No,141.22,161.27,77.5,70.2,38.7,200,11315.71,56.58
2023-11-18,Saturday,Low,No,97.06,135.88,103.4,76.0,51.7,200,10323.91,51.62
2023-11-19,Sunday,Low,No,140.79,147.91,145.4,146.5,72.7,200,21664.93,108.32
2023-11-20,Monday,Low,No,128.01,148.98,74.6,60.0,37.3,200,8943.79,44.72
2023-11-21,Tuesday,Low,No,137.93,136.83,57.4,52.4,28.7,200,7163.71,35.82
2023-11-22,Wednesday,Low,No,144.44,135.91,97.9,77.0,49.0,200,10470.44,52.35
2023-11-23,Thursday,Low,Yes,138.8,168.41,119.1,106.7,59.6,200,17966.18,89.83
2023-11-24,Friday,Low,Yes,127.25,148.07,117.6,91.2,58.8,200,13501.24,67.51
2023-11-25,Saturday,Low,No,132.35,121.03,102.2,83.9,51.1,200,10159.01,50.8
2023-11-26,Sunday,Low,No,131.16,147.17,106.7,95.8,53.3,200,14095.51,70.48
2023-11-27,Monday,Low,No,148.12,139.0,55.9,41.7,28.0,200,5798.83,28.99
2023-11-28,Tuesday,Low,No,127.69,144.96,61.4,44.2,30.7,200,6407.14,32.04
2023-11-29,Wednesday,Low,No,128.16,155.63,86.8,68.9,43.4,200,10723.87,53.62
2023-11-30,Thursday,Low,No,128.81,133.47,78.5,60.1,39.3,200,8016.9,40.08
2023-12-01,Friday,Low,No,143.6,116.28,72.8,64.1,36.4,200,7451.23,37.26
2023-12-02,Saturday,Low,No,137.76,205.86,102.4,76.7,51.2,200,15799.26,79.0
2023-12-03,Sunday,Low,No,133.57,116.48,110.4,84.6,55.2,200,9857.74,49.29
2023-12-04,Monday,Low,No,148.73,141.01,77.7,61.1,38.8,200,8612.69,43.06
2023-12-05,Tuesday,Low,No,161.08,145.58,116.7,108.7,58.3,200,15816.83,79.08
2023-12-06,Wednesday,Low,No,142.23,159.37,85.0,55.9,42.5,200,8901.66,44.51
2023-12-07,Thursday,Low,No,130.82,168.9,72.0,51.1,36.0,200,8632.17,43.16
2023-12-08,Friday,Low,No,134.21,186.08,95.7,80.7,47.8,200,15020.59,75.1
2023-12-09,Saturday,Low,No,149.27,144.67,77.9,59.0,39.0,200,8539.94,42.7
2023-12-10,Sunday,Low,No,158.44,146.52,107.1,87.9,53.6,200,12871.83,64.36
2023-12-11,Monday,Low,No,163.56,184.52,121.3,101.2,60.7,200,18668.95,93.34
2023-12-12,Tuesday,Low,No,139.43,121.67,109.5,80.3,54.8,200,9771.84,48.86
2023-12-13,Wednesday,Low,No,138.25,130.05,68.2,52.3,34.1,200,6798.86,33.99
2023-12-14,Thursday,Low,No,125.88,141.22,66.1,61.7,33.1,200,8713.61,43.57
2023-12-15,Friday,Low,No,118.43,156.41,96.7,77.2,48.3,200,12075.18,60.38
2023-12-16,Saturday,High,No,184.23,195.39,271.0,235.6,100.0,200,46038.44,230.19
2023-12-17,Sunday,High,No,187.03,209.68,220.8,202.7,100.0,200,42506.86,212.53
2023-12-18,Monday,High,No,201.13,193.84,163.2,124.3,81.6,200,24089.15,120.45
2023-12-19,Tuesday,High,No,203.02,224.58,161.5,144.7,80.8,200,32495.74,162.48
2023-12-20,Wednesday,High,No,163.69,188.31,171.3,130.0,85.6,200,24478.36,122.39
2023-12-21,Thursday,High,No,180.95,186.64,184.1,153.1,92.1,200,28570.38,142.85
2023-12-22,Friday,High,No,161.43,157.59,167.9,150.4,83.9,200,23695.6,118.48
2023-12-23,Saturday,High,No,153.79,190.01,223.7,221.2,100.0,200,42024.1,210.12
2023-12-24,Sunday,High,No,189.22,207.66,247.5,157.6,100.0,200,32730.9,163.65
2023-12-25,Monday,High,Yes,206.52,204.31,298.2,370.5,100.0,200,75697.6,378.49
2023-12-26,Tuesday,High,No,163.74,234.49,150.9,132.6,75.5,200,31097.43,155.49
2023-12-27,Wednesday,High,No,194.32,191.52,168.6,148.9,84.3,200,28510.59,142.55
2023-12-28,Thursday,High,No,172.24,215.01,158.3,116.6,79.1,200,25079.39,125.4
2023-12-29,Friday,High,No,188.25,225.14,158.7,140.6,79.4,200,31653.5,158.27
2023-12-30,Saturday,High,No,184.04,215.16,252.9,261.7,100.0,200,56316.09,281.58
2023-12-31,Sunday,High,Yes,192.37,213.37,392.0,384.0,100.0,200,81924.94,409.62
